{
  "raw_shape": [
    8378,
    195
  ],
  "main_shape": [
    5742,
    114
  ],
  "all_waves_shape": [
    7031,
    114
  ],
  "n_participants_main": 442,
  "n_participants_all": 537,
  "main_wave_counts": {
    "1": 188,
    "2": 499,
    "3": 171,
    "4": 533,
    "5": 165,
    "10": 131,
    "11": 771,
    "12": 343,
    "13": 154,
    "14": 580,
    "15": 499,
    "16": 87,
    "17": 259,
    "18": 65,
    "19": 405,
    "20": 76,
    "21": 816
  },
  "all_wave_counts": {
    "1": 188,
    "2": 499,
    "3": 171,
    "4": 533,
    "5": 165,
    "6": 39,
    "7": 401,
    "8": 166,
    "9": 683,
    "10": 131,
    "11": 771,
    "12": 343,
    "13": 154,
    "14": 580,
    "15": 499,
    "16": 87,
    "17": 259,
    "18": 65,
    "19": 405,
    "20": 76,
    "21": 816
  },
  "dec_mean_main": 0.4268547544409613,
  "match_mean_main": 0.17223963775687914,
  "income_missing_rate_main": 0.511145942180425,
  "core_missing_after_cleaning": {
    "dec": 0,
    "attr": 0,
    "sinc": 0,
    "intel": 0,
    "fun": 0,
    "amb": 0,
    "shar": 0,
    "iid": 0,
    "pid": 0,
    "wave": 0,
    "gender": 0,
    "order": 0
  },
  "n_followup_cols_dropped": 84,
  "stated_valid_rows_main": 5640,
  "stated_max_normalization_error": 2.842170943040401e-14
}