attr_coef_full_model,attr_coef_fwl,fwl_error,fwl_check
0.08647887666080911,0.08647887666080903,-8.326672684688674e-17,PASS
