,attr,sinc,intel,fun,amb,shar
attr,1.0,0.41296834814020805,0.39033383354323903,0.5877677322475002,0.355262100431572,0.49291721055195814
sinc,0.41296834814020805,1.0,0.6580741123500862,0.5150477228281445,0.4506420098682405,0.400925421476339
intel,0.39033383354323903,0.6580741123500862,1.0,0.5077780536173041,0.6286053863677756,0.40343065782635157
fun,0.5877677322475002,0.5150477228281445,0.5077780536173041,1.0,0.48932958858865416,0.6213738743564112
amb,0.355262100431572,0.4506420098682405,0.6286053863677756,0.48932958858865416,1.0,0.429810384019972
shar,0.49291721055195814,0.400925421476339,0.40343065782635157,0.6213738743564112,0.429810384019972,1.0
